subj,school,pICA
1,set_1,0.08549
1,set_2,0.187871
1,set_3,0.128959
1,set_4,0.067037
1,set_5,0.335367
