subj,school,pICA
s01,lab08,0.200406
s02,lab08,0.20072
s03,lab08,0.200557
