subj,school,pICA
0,set_1,0.0
0,set_3,0.48125
0,set_4,1.844093
0,set_5,1.844389
1,set_1,0.08549
1,set_2,0.187871
1,set_3,0.128959
1,set_5,0.335367
